"","wastewater_treatment_plant.name","collection_date","avg_gc_per_lww","ara_id","flow","assay","pathogen"
"1","ARA Basel/Prorheno",2024-11-01,1156.2312,270101,61582,"RESPV6","RSV-N"
"2","ARA Basel/Prorheno",2024-11-03,0,270101,58364,"RESPV6","RSV-N"
"3","ARA Basel/Prorheno",2024-11-04,2675.4673,270101,64528,"RESPV6","RSV-N"
"4","ARA Basel/Prorheno",2024-11-06,0,270101,65761,"RESPV6","RSV-N"
"5","ARA Basel/Prorheno",2024-11-09,0,270101,60567,"RESPV6","RSV-N"
"6","ARA Basel/Prorheno",2024-11-10,1725.1162,270101,60910,"RESPV6","RSV-N"
"7","ARA Basel/Prorheno",2024-11-11,3519.61435,270101,76073,"RESPV6","RSV-N"
"8","ARA Basel/Prorheno",2024-11-14,3791.154,270101,64962,"RESPV6","RSV-N"
"9","ARA Basel/Prorheno",2024-11-15,0,270101,60183,"RESPV6","RSV-N"
"10","ARA Basel/Prorheno",2024-11-17,0,270101,56710,"RESPV6","RSV-N"
"11","ARA Basel/Prorheno",2024-11-18,3001.2185,270101,61704,"RESPV6","RSV-N"
"12","ARA Basel/Prorheno",2024-11-19,0,270101,71049,"RESPV6","RSV-N"
"13","ARA Basel/Prorheno",2024-11-22,0,270101,97264,"RESPV6","RSV-N"
"14","ARA Basel/Prorheno",2024-11-24,0,270101,135772,"RESPV6","RSV-N"
"15","ARA Basel/Prorheno",2024-11-25,2656.898,270101,108064,"RESPV6","RSV-N"
"16","ARA Basel/Prorheno",2024-11-27,0,270101,70074,"RESPV6","RSV-N"
"17","ARA Basel/Prorheno",2024-11-29,0,270101,74567,"RESPV6","RSV-N"
"18","ARA Basel/Prorheno",2024-12-01,0,270101,61436,"RESPV6","RSV-N"
"19","ARA Basel/Prorheno",2024-12-02,4098.4705,270101,95956,"RESPV6","RSV-N"
"20","ARA Basel/Prorheno",2024-12-05,1405.5554,270101,65847,"RESPV6","RSV-N"
"21","ARA Basel/Prorheno",2024-12-06,0,270101,136511,"RESPV6","RSV-N"
"22","ARA Basel/Prorheno",2024-12-08,0,270101,88981,"RESPV6","RSV-N"
"23","ARA Basel/Prorheno",2024-12-09,7449.3902,270101,79946,"RESPV6","RSV-N"
"24","ARA Basel/Prorheno",2024-12-10,0,270101,66519,"RESPV6","RSV-N"
"25","ARA Basel/Prorheno",2024-12-13,1260.35085,270101,63642,"RESPV6","RSV-N"
"26","ARA Basel/Prorheno",2024-12-15,0,270101,59505,"RESPV6","RSV-N"
"27","ARA Basel/Prorheno",2024-12-16,3085.64915,270101,62963,"RESPV6","RSV-N"
"28","ARA Basel/Prorheno",2025-01-01,2964.5847,270101,48343,"RESPV6","RSV-N"
"29","ARA Basel/Prorheno",2025-01-03,0,270101,114576,"RESPV6","RSV-N"
"30","ARA Basel/Prorheno",2025-01-05,0,270101,185839,"RESPV6","RSV-N"
"31","ARA Basel/Prorheno",2025-01-06,7398.4312,270101,101293,"RESPV6","RSV-N"
"32","ARA Basel/Prorheno",2025-01-08,4466.51145,270101,143122,"RESPV6","RSV-N"
"33","ARA Basel/Prorheno",2025-01-10,7593.55315,270101,78673,"RESPV6","RSV-N"
"34","ARA Basel/Prorheno",2025-01-12,6680.9375,270101,64736,"RESPV6","RSV-N"
"35","ARA Basel/Prorheno",2025-01-13,56067.254,270101,66616,"RESPV6","RSV-N"
"36","ARA Basel/Prorheno",2025-01-16,11535.963,270101,63003,"RESPV6","RSV-N"
"37","ARA Basel/Prorheno",2025-01-17,28678.079,270101,61901,"RESPV6","RSV-N"
"38","ARA Basel/Prorheno",2025-01-19,11621.1063,270101,57273,"RESPV6","RSV-N"
"39","ARA Basel/Prorheno",2025-01-20,40304.208,270101,61394,"RESPV6","RSV-N"
"40","ARA Basel/Prorheno",2025-01-21,37979.692,270101,60528,"RESPV6","RSV-N"
"41","ARA Basel/Prorheno",2025-01-24,103900.625,270101,61815,"RESPV6","RSV-N"
"42","ARA Basel/Prorheno",2025-01-26,13487.3635,270101,56816,"RESPV6","RSV-N"
"43","ARA Basel/Prorheno",2025-01-27,6793.2153,270101,121016,"RESPV6","RSV-N"
"44","ARA Basel/Prorheno",2025-01-29,6017.747,270101,78073,"RESPV6","RSV-N"
"45","ARA Basel/Prorheno",2025-01-31,21134.8635,270101,76316,"RESPV6","RSV-N"
"46","ARA Basel/Prorheno",2025-02-02,27172.916,270101,57936,"RESPV6","RSV-N"
"47","ARA Basel/Prorheno",2025-02-03,46459.9005,270101,60697,"RESPV6","RSV-N"
"48","ARA Basel/Prorheno",2025-02-06,25300.999,270101,62256,"RESPV6","RSV-N"
"49","ARA Basel/Prorheno",2025-02-07,25779.915,270101,61694,"RESPV6","RSV-N"
"50","ARA Basel/Prorheno",2025-02-09,42378.955,270101,56201,"RESPV6","RSV-N"
"51","ARA Basel/Prorheno",2025-02-10,27530.2605,270101,87299,"RESPV6","RSV-N"
"52","ARA Basel/Prorheno",2025-02-11,11563.0605,270101,96773,"RESPV6","RSV-N"
"53","ARA Basel/Prorheno",2025-02-14,24645.859,270101,73449,"RESPV6","RSV-N"
"54","ARA Basel/Prorheno",2025-02-16,19921.458,270101,60763,"RESPV6","RSV-N"
"55","ARA Basel/Prorheno",2025-02-17,45417.459,270101,63317,"RESPV6","RSV-N"
"56","ARA Basel/Prorheno",2025-02-19,18251.854,270101,62922,"RESPV6","RSV-N"
"57","ARA Basel/Prorheno",2025-02-21,31870.669,270101,59828,"RESPV6","RSV-N"
"58","ARA Basel/Prorheno",2025-02-23,10661.8965,270101,62262,"RESPV6","RSV-N"
"59","ARA Basel/Prorheno",2025-02-24,44533.6415,270101,60254,"RESPV6","RSV-N"
"60","ARA Basel/Prorheno",2025-02-27,19939.2835,270101,85169,"RESPV6","RSV-N"
"61","ARA Basel/Prorheno",2025-02-28,24736.8,270101,61409,"RESPV6","RSV-N"
"62","ARA Basel/Prorheno",2025-03-02,21741.521,270101,53792,"RESPV6","RSV-N"
"63","ARA Basel/Prorheno",2025-03-03,46300.67,270101,57160,"RESPV6","RSV-N"
"64","ARA Basel/Prorheno",2025-03-04,14011.43965,270101,57742,"RESPV6","RSV-N"
"65","ARA Basel/Prorheno",2025-03-07,8426.80575,270101,56987,"RESPV6","RSV-N"
"66","ARA Basel/Prorheno",2025-03-09,16588.6745,270101,54121,"RESPV6","RSV-N"
"67","ARA Basel/Prorheno",2025-03-10,27304.3205,270101,62699,"RESPV6","RSV-N"
"68","ARA Basel/Prorheno",2025-03-12,2826.99025,270101,125699,"RESPV6","RSV-N"
"69","ARA Basel/Prorheno",2025-03-14,16643.6785,270101,57113,"RESPV6","RSV-N"
"70","ARA Basel/Prorheno",2025-03-16,7809.06525,270101,90284,"RESPV6","RSV-N"
"71","ARA Basel/Prorheno",2025-03-17,32634.188,270101,64668,"RESPV6","RSV-N"
"72","ARA Basel/Prorheno",2025-03-20,26522.6845,270101,60899,"RESPV6","RSV-N"
"73","ARA Basel/Prorheno",2025-03-21,15209.398,270101,61360,"RESPV6","RSV-N"
"74","ARA Basel/Prorheno",2025-03-23,14886.711,270101,93169,"RESPV6","RSV-N"
"75","ARA Basel/Prorheno",2025-03-24,22030.6455,270101,80618,"RESPV6","RSV-N"
"76","ARA Basel/Prorheno",2025-03-25,15692.338,270101,69512,"RESPV6","RSV-N"
"77","ARA Basel/Prorheno",2025-03-28,4323.07835,270101,59119,"RESPV6","RSV-N"
"78","ARA Basel/Prorheno",2025-03-30,0,270101,55490,"RESPV6","RSV-N"
"79","ARA Basel/Prorheno",2025-03-31,3397.473,270101,59914,"RESPV6","RSV-N"
"80","ARA Basel/Prorheno",2025-04-04,7087.187,270101,52034,"RESPV6","RSV-N"
"81","ARA Basel/Prorheno",2025-04-06,7780.46585,270101,46868,"RESPV6","RSV-N"
"82","ARA Basel/Prorheno",2025-04-07,19814.1125,270101,53844,"RESPV6","RSV-N"
"83","ARA Basel/Prorheno",2025-04-10,4586.0975,270101,53755,"RESPV6","RSV-N"
"84","ARA Basel/Prorheno",2025-04-11,2278.508,270101,50973,"RESPV6","RSV-N"
"85","ARA Basel/Prorheno",2025-04-13,4785.09765,270101,53917,"RESPV6","RSV-N"
"86","ARA Basel/Prorheno",2025-04-14,5550.9535,270101,109400,"RESPV6","RSV-N"
"87","ARA Basel/Prorheno",2025-04-15,2282.3767,270101,91797,"RESPV6","RSV-N"
"88","ARA Basel/Prorheno",2025-04-18,0,270101,46079,"RESPV6","RSV-N"
"89","ARA Basel/Prorheno",2025-04-20,1342.61195,270101,45829,"RESPV6","RSV-N"
"90","ARA Basel/Prorheno",2025-04-21,2806.12965,270101,72480,"RESPV6","RSV-N"
"91","ARA Chur",2024-11-01,1172.60315,390101,11658,"RESPV6","RSV-N"
"92","ARA Chur",2024-11-02,0,390101,10576,"RESPV6","RSV-N"
"93","ARA Chur",2024-11-03,0,390101,8835,"RESPV6","RSV-N"
"94","ARA Chur",2024-11-05,0,390101,12588,"RESPV6","RSV-N"
"95","ARA Chur",2024-11-08,1379.064,390101,12593,"RESPV6","RSV-N"
"96","ARA Chur",2024-11-09,1282.61195,390101,11500,"RESPV6","RSV-N"
"97","ARA Chur",2024-11-10,1397.6708,390101,11278,"RESPV6","RSV-N"
"98","ARA Chur",2024-11-13,2319.7944,390101,13063,"RESPV6","RSV-N"
"99","ARA Chur",2024-11-15,1191.947,390101,12617,"RESPV6","RSV-N"
"100","ARA Chur",2024-11-16,11105.8155,390101,11403,"RESPV6","RSV-N"
"101","ARA Chur",2024-11-17,0,390101,11479,"RESPV6","RSV-N"
"102","ARA Chur",2024-11-21,1236.4114,390101,14383,"RESPV6","RSV-N"
"103","ARA Chur",2024-11-22,1264.8185,390101,15964,"RESPV6","RSV-N"
"104","ARA Chur",2024-11-23,0,390101,14467,"RESPV6","RSV-N"
"105","ARA Chur",2024-11-24,8752.2825,390101,24748,"RESPV6","RSV-N"
"106","ARA Chur",2024-11-25,2957.9095,390101,17578,"RESPV6","RSV-N"
"107","ARA Chur",2024-11-29,0,390101,15637,"RESPV6","RSV-N"
"108","ARA Chur",2024-11-30,3416.7791,390101,11635,"RESPV6","RSV-N"
"109","ARA Chur",2024-12-01,3084.49685,390101,11576,"RESPV6","RSV-N"
"110","ARA Chur",2024-12-03,2832.07015,390101,17719,"RESPV6","RSV-N"
"111","ARA Chur",2024-12-06,7420.01965,390101,25165,"RESPV6","RSV-N"
"112","ARA Chur",2024-12-07,7145.3143,390101,13573,"RESPV6","RSV-N"
"113","ARA Chur",2024-12-08,8942.5269,390101,13097,"RESPV6","RSV-N"
"114","ARA Chur",2024-12-11,5657.66573333333,390101,12661,"RESPV6","RSV-N"
"115","ARA Chur",2024-12-13,9034.793,390101,12592,"RESPV6","RSV-N"
"116","ARA Chur",2024-12-14,2792.2645,390101,12649,"RESPV6","RSV-N"
"117","ARA Chur",2024-12-15,8297.27985,390101,15231,"RESPV6","RSV-N"
"118","ARA Chur",2024-12-19,4454.38,390101,15875,"RESPV6","RSV-N"
"119","ARA Chur",2024-12-20,10062.115,390101,18452,"RESPV6","RSV-N"
"120","ARA Chur",2024-12-21,2859.55965,390101,12006,"RESPV6","RSV-N"
"121","ARA Chur",2024-12-22,7216.864,390101,24524,"RESPV6","RSV-N"
"122","ARA Chur",2024-12-23,6492.948,390101,20099,"RESPV6","RSV-N"
"123","ARA Chur",2024-12-27,66799.086,390101,12537,"RESPV6","RSV-N"
"124","ARA Chur",2024-12-28,35379.212,390101,12315,"RESPV6","RSV-N"
"125","ARA Chur",2024-12-29,31101.112,390101,12169,"RESPV6","RSV-N"
"126","ARA Chur",2025-01-01,31046.533,390101,11907,"RESPV6","RSV-N"
"127","ARA Chur",2025-01-03,14380.047,390101,19711,"RESPV6","RSV-N"
"128","ARA Chur",2025-01-04,15987.7385,390101,13049,"RESPV6","RSV-N"
"129","ARA Chur",2025-01-05,22729.995,390101,14489,"RESPV6","RSV-N"
"130","ARA Chur",2025-01-09,23614.3665,390101,15829,"RESPV6","RSV-N"
"131","ARA Chur",2025-01-10,18673.741,390101,14677,"RESPV6","RSV-N"
"132","ARA Chur",2025-01-11,19121.3605,390101,14843,"RESPV6","RSV-N"
"133","ARA Chur",2025-01-12,31014.6105,390101,11932,"RESPV6","RSV-N"
"134","ARA Chur",2025-01-13,14832.497,390101,12884,"RESPV6","RSV-N"
"135","ARA Chur",2025-01-17,46819.194,390101,12937,"RESPV6","RSV-N"
"136","ARA Chur",2025-01-18,43952.3575,390101,12346,"RESPV6","RSV-N"
"137","ARA Chur",2025-01-19,55038.281,390101,12354,"RESPV6","RSV-N"
"138","ARA Chur",2025-01-21,39507.117,390101,12910,"RESPV6","RSV-N"
"139","ARA Chur",2025-01-24,54911.2615,390101,12880,"RESPV6","RSV-N"
"140","ARA Chur",2025-01-25,71698.392,390101,12124,"RESPV6","RSV-N"
"141","ARA Chur",2025-01-26,38937.9925,390101,23549,"RESPV6","RSV-N"
"142","ARA Chur",2025-01-29,10451.59325,390101,21048,"RESPV6","RSV-N"
"143","ARA Chur",2025-01-31,49000.127,390101,14888,"RESPV6","RSV-N"
"144","ARA Chur",2025-02-01,22973.7,390101,13196,"RESPV6","RSV-N"
"145","ARA Chur",2025-02-02,20217.168,390101,12919,"RESPV6","RSV-N"
"146","ARA Chur",2025-02-06,35918.388,390101,9317,"RESPV6","RSV-N"
"147","ARA Chur",2025-02-07,43138.836,390101,11071,"RESPV6","RSV-N"
"148","ARA Chur",2025-02-08,52427.846,390101,9619,"RESPV6","RSV-N"
"149","ARA Chur",2025-02-09,37630.5265,390101,9402,"RESPV6","RSV-N"
"150","ARA Chur",2025-02-10,27413.0995,390101,10393,"RESPV6","RSV-N"
"151","ARA Chur",2025-02-14,65433.84,390101,12589,"RESPV6","RSV-N"
"152","ARA Chur",2025-02-15,47540.865,390101,9312,"RESPV6","RSV-N"
"153","ARA Chur",2025-02-16,41314.89,390101,9579,"RESPV6","RSV-N"
"154","ARA Chur",2025-02-18,36246.734,390101,10125,"RESPV6","RSV-N"
"155","ARA Chur",2025-02-21,41146.14,390101,10568,"RESPV6","RSV-N"
"156","ARA Chur",2025-02-22,58322.67,390101,9425,"RESPV6","RSV-N"
"157","ARA Chur",2025-02-23,50525.344,390101,8903,"RESPV6","RSV-N"
"158","ARA Chur",2025-02-26,25663.161,390101,9970,"RESPV6","RSV-N"
"159","ARA Chur",2025-02-28,46057.35,390101,9433,"RESPV6","RSV-N"
"160","ARA Chur",2025-03-01,30683.6325,390101,9317,"RESPV6","RSV-N"
"161","ARA Chur",2025-03-02,39022.9005,390101,8882,"RESPV6","RSV-N"
"162","ARA Chur",2025-03-06,31627.8775,390101,9507,"RESPV6","RSV-N"
"163","ARA Chur",2025-03-07,13092.519,390101,10822,"RESPV6","RSV-N"
"164","ARA Chur",2025-03-08,7845.7755,390101,10150,"RESPV6","RSV-N"
"165","ARA Chur",2025-03-09,9742.979,390101,9997,"RESPV6","RSV-N"
"166","ARA Chur",2025-03-10,4602.065,390101,10879,"RESPV6","RSV-N"
"167","ARA Chur",2025-03-14,29337.9665,390101,22373,"RESPV6","RSV-N"
"168","ARA Chur",2025-03-15,13489.306,390101,10767,"RESPV6","RSV-N"
"169","ARA Chur",2025-03-16,27780.197,390101,12178,"RESPV6","RSV-N"
"170","ARA Chur",2025-03-18,20382.8075,390101,10063,"RESPV6","RSV-N"
"171","ARA Chur",2025-03-21,48235.381,390101,10078,"RESPV6","RSV-N"
"172","ARA Chur",2025-03-22,52463.8925,390101,8995,"RESPV6","RSV-N"
"173","ARA Chur",2025-03-23,44092.236,390101,9094,"RESPV6","RSV-N"
"174","ARA Chur",2025-03-26,32263.15,390101,9778,"RESPV6","RSV-N"
"175","ARA Chur",2025-03-28,37270.595,390101,10077,"RESPV6","RSV-N"
"176","ARA Chur",2025-03-29,9902.864,390101,9684,"RESPV6","RSV-N"
"177","ARA Chur",2025-03-30,21165.549,390101,8773,"RESPV6","RSV-N"
"178","ARA Chur",2025-04-03,25922.872,390101,10071,"RESPV6","RSV-N"
"179","ARA Chur",2025-04-04,30551.499,390101,9242,"RESPV6","RSV-N"
"180","ARA Chur",2025-04-05,26874.0245,390101,9217,"RESPV6","RSV-N"
"181","ARA Chur",2025-04-06,17697.2525,390101,9699,"RESPV6","RSV-N"
"182","ARA Chur",2025-04-07,15944.4045,390101,9125,"RESPV6","RSV-N"
"183","ARA Chur",2025-04-11,34624.205,390101,10141,"RESPV6","RSV-N"
"184","ARA Chur",2025-04-12,19847.6675,390101,8013,"RESPV6","RSV-N"
"185","ARA Chur",2025-04-13,18033.97,390101,9931,"RESPV6","RSV-N"
"186","ARA Chur",2025-04-15,6614.77475,390101,9654,"RESPV6","RSV-N"
"187","ARA Chur",2025-04-18,13378.11,390101,9292,"RESPV6","RSV-N"
"188","ARA Chur",2025-04-19,29297.447,390101,9222,"RESPV6","RSV-N"
"189","ARA Chur",2025-04-20,30751.4715,390101,7790,"RESPV6","RSV-N"
"190","ARA Chur",2025-04-23,4641.3575,390101,10862,"RESPV6","RSV-N"
"191","ARA Chur",2025-04-26,8027.7123,390101,8428,"RESPV6","RSV-N"
"192","ARA Sensetal",2024-11-01,0,66700,18227,"RESPV6","RSV-N"
"193","ARA Sensetal",2024-11-02,0,66700,17393,"RESPV6","RSV-N"
"194","ARA Sensetal",2024-11-03,2502.2063,66700,17214,"RESPV6","RSV-N"
"195","ARA Sensetal",2024-11-05,1781.803,66700,17546,"RESPV6","RSV-N"
"196","ARA Sensetal",2024-11-08,2813.50535,66700,17832,"RESPV6","RSV-N"
"197","ARA Sensetal",2024-11-09,1556.32505,66700,16758,"RESPV6","RSV-N"
"198","ARA Sensetal",2024-11-10,1473.56335,66700,16869,"RESPV6","RSV-N"
"199","ARA Sensetal",2024-11-13,0,66700,17778,"RESPV6","RSV-N"
"200","ARA Sensetal",2024-11-15,1255.6964,66700,17597,"RESPV6","RSV-N"
"201","ARA Sensetal",2024-11-16,0,66700,16806,"RESPV6","RSV-N"
"202","ARA Sensetal",2024-11-17,2735.99975,66700,16734,"RESPV6","RSV-N"
"203","ARA Sensetal",2024-11-21,0,66700,24159,"RESPV6","RSV-N"
"204","ARA Sensetal",2024-11-22,0,66700,25748,"RESPV6","RSV-N"
"205","ARA Sensetal",2024-11-23,0,66700,20976,"RESPV6","RSV-N"
"206","ARA Sensetal",2024-11-24,0,66700,29472,"RESPV6","RSV-N"
"207","ARA Sensetal",2024-11-25,0,66700,50486,"RESPV6","RSV-N"
"208","ARA Sensetal",2024-11-29,1152.221,66700,26670,"RESPV6","RSV-N"
"209","ARA Sensetal",2024-11-30,4659,66700,23724,"RESPV6","RSV-N"
"210","ARA Sensetal",2024-12-01,1285.407,66700,23327,"RESPV6","RSV-N"
"211","ARA Sensetal",2024-12-03,0,66700,32377,"RESPV6","RSV-N"
"212","ARA Sensetal",2024-12-06,0,66700,34338,"RESPV6","RSV-N"
"213","ARA Sensetal",2024-12-07,0,66700,41853,"RESPV6","RSV-N"
"214","ARA Sensetal",2024-12-08,1211.0765,66700,27219,"RESPV6","RSV-N"
"215","ARA Sensetal",2024-12-11,0,66700,22315,"RESPV6","RSV-N"
"216","ARA Sensetal",2024-12-13,2832.6008,66700,21646,"RESPV6","RSV-N"
"217","ARA Sensetal",2024-12-14,5318.1765,66700,23155,"RESPV6","RSV-N"
"218","ARA Sensetal",2024-12-15,10115.61815,66700,20710,"RESPV6","RSV-N"
"219","ARA Sensetal",2024-12-19,0,66700,36799,"RESPV6","RSV-N"
"220","ARA Sensetal",2024-12-20,6146.245,66700,24662,"RESPV6","RSV-N"
"221","ARA Sensetal",2024-12-21,7404.5765,66700,33506,"RESPV6","RSV-N"
"222","ARA Sensetal",2024-12-22,5206.3359,66700,48564,"RESPV6","RSV-N"
"223","ARA Sensetal",2024-12-23,3800.85915,66700,33477,"RESPV6","RSV-N"
"224","ARA Sensetal",2024-12-27,8722.99425,66700,21797,"RESPV6","RSV-N"
"225","ARA Sensetal",2024-12-28,3560.8396,66700,21080,"RESPV6","RSV-N"
"226","ARA Sensetal",2024-12-29,20097.066,66700,20614,"RESPV6","RSV-N"
"227","ARA Sensetal",2025-01-01,9061.5615,66700,19381,"RESPV6","RSV-N"
"228","ARA Sensetal",2025-01-03,4463.2437,66700,28891,"RESPV6","RSV-N"
"229","ARA Sensetal",2025-01-04,2995.231,66700,38340,"RESPV6","RSV-N"
"230","ARA Sensetal",2025-01-05,6764.9917,66700,46518,"RESPV6","RSV-N"
"231","ARA Sensetal",2025-01-09,0,66700,39503,"RESPV6","RSV-N"
"232","ARA Sensetal",2025-01-10,1573.0975,66700,31205,"RESPV6","RSV-N"
"233","ARA Sensetal",2025-01-11,8021.7345,66700,29335,"RESPV6","RSV-N"
"234","ARA Sensetal",2025-01-12,22796.377,66700,25771,"RESPV6","RSV-N"
"235","ARA Sensetal",2025-01-13,0,66700,25167,"RESPV6","RSV-N"
"236","ARA Sensetal",2025-01-17,1360.69,66700,23021,"RESPV6","RSV-N"
"237","ARA Sensetal",2025-01-18,15484.179,66700,22148,"RESPV6","RSV-N"
"238","ARA Sensetal",2025-01-19,13194.127,66700,21756,"RESPV6","RSV-N"
"239","ARA Sensetal",2025-01-21,0,66700,20714,"RESPV6","RSV-N"
"240","ARA Sensetal",2025-01-24,13615.0753,66700,22324,"RESPV6","RSV-N"
"241","ARA Sensetal",2025-01-25,14683.043,66700,29068,"RESPV6","RSV-N"
"242","ARA Sensetal",2025-01-26,50450.336,66700,24752,"RESPV6","RSV-N"
"243","ARA Sensetal",2025-01-29,1643.872,66700,39260,"RESPV6","RSV-N"
"244","ARA Sensetal",2025-01-31,8543.7943,66700,30900,"RESPV6","RSV-N"
"245","ARA Sensetal",2025-02-01,5586.2307,66700,27803,"RESPV6","RSV-N"
"246","ARA Sensetal",2025-02-02,16461.11835,66700,26566,"RESPV6","RSV-N"
"247","ARA Sensetal",2025-02-06,3348.6555,66700,24047,"RESPV6","RSV-N"
"248","ARA Sensetal",2025-02-07,1702.85655,66700,23610,"RESPV6","RSV-N"
"249","ARA Sensetal",2025-02-08,22893.9485,66700,22906,"RESPV6","RSV-N"
"250","ARA Sensetal",2025-02-09,40868.8885,66700,22696,"RESPV6","RSV-N"
"251","ARA Sensetal",2025-02-10,0,66700,27043,"RESPV6","RSV-N"
"252","ARA Sensetal",2025-02-14,16064.715,66700,24494,"RESPV6","RSV-N"
"253","ARA Sensetal",2025-02-15,13649.8355,66700,22518,"RESPV6","RSV-N"
"254","ARA Sensetal",2025-02-16,25853.5,66700,21732,"RESPV6","RSV-N"
"255","ARA Sensetal",2025-02-18,1278.41355,66700,21313,"RESPV6","RSV-N"
"256","ARA Sensetal",2025-02-21,29687.0615,66700,20730,"RESPV6","RSV-N"
"257","ARA Sensetal",2025-02-22,15115.8545,66700,20333,"RESPV6","RSV-N"
"258","ARA Sensetal",2025-02-23,36896.462,66700,21465,"RESPV6","RSV-N"
"259","ARA Sensetal",2025-02-26,0,66700,21988,"RESPV6","RSV-N"
"260","ARA Sensetal",2025-02-28,10435.7235,66700,20026,"RESPV6","RSV-N"
"261","ARA Sensetal",2025-03-01,10575.55885,66700,19011,"RESPV6","RSV-N"
"262","ARA Sensetal",2025-03-02,22207.7025,66700,18837,"RESPV6","RSV-N"
"263","ARA Sensetal",2025-03-06,3555.2769,66700,18834,"RESPV6","RSV-N"
"264","ARA Sensetal",2025-03-07,0,66700,18968,"RESPV6","RSV-N"
"265","ARA Sensetal",2025-03-08,18035.967,66700,18425,"RESPV6","RSV-N"
"266","ARA Sensetal",2025-03-09,32828.182,66700,18751,"RESPV6","RSV-N"
"267","ARA Sensetal",2025-03-10,3034.83705,66700,21267,"RESPV6","RSV-N"
"268","ARA Sensetal",2025-03-14,22169.3615,66700,19504,"RESPV6","RSV-N"
"269","ARA Sensetal",2025-03-15,17057.5545,66700,18738,"RESPV6","RSV-N"
"270","ARA Sensetal",2025-03-16,11475.4437,66700,23062,"RESPV6","RSV-N"
"271","ARA Sensetal",2025-03-18,6752.32325,66700,18262,"RESPV6","RSV-N"
"272","ARA Sensetal",2025-03-21,6069.6805,66700,18575,"RESPV6","RSV-N"
"273","ARA Sensetal",2025-03-22,8354.73435,66700,18286,"RESPV6","RSV-N"
"274","ARA Sensetal",2025-03-23,5505.3451,66700,23190,"RESPV6","RSV-N"
"275","ARA Sensetal",2025-03-26,1412.6316,66700,18897,"RESPV6","RSV-N"
"276","ARA Sensetal",2025-03-28,7289.5415,66700,18307,"RESPV6","RSV-N"
"277","ARA Sensetal",2025-03-29,6267.14825,66700,22184,"RESPV6","RSV-N"
"278","ARA Sensetal",2025-03-30,5633.21995,66700,17756,"RESPV6","RSV-N"
"279","ARA Sensetal",2025-04-03,0,66700,17940,"RESPV6","RSV-N"
"280","ARA Sensetal",2025-04-04,3395.3501,66700,18136,"RESPV6","RSV-N"
"281","ARA Sensetal",2025-04-05,3328.5425,66700,17641,"RESPV6","RSV-N"
"282","ARA Sensetal",2025-04-06,5549.49925,66700,17243,"RESPV6","RSV-N"
"283","ARA Sensetal",2025-04-07,1283.80825,66700,17616,"RESPV6","RSV-N"
"284","ARA Sensetal",2025-04-11,2721.11335,66700,17004,"RESPV6","RSV-N"
"285","ARA Sensetal",2025-04-12,5290.3635,66700,16751,"RESPV6","RSV-N"
"286","ARA Sensetal",2025-04-13,4281.5503,66700,28016,"RESPV6","RSV-N"
"287","ARA Sensetal",2025-04-15,0,66700,27549,"RESPV6","RSV-N"
"288","ARA Sensetal",2025-04-18,2454.6568,66700,19183,"RESPV6","RSV-N"
"289","ARA Sensetal",2025-04-19,0,66700,18382,"RESPV6","RSV-N"
"290","ARA Sensetal",2025-04-20,0,66700,25345,"RESPV6","RSV-N"
"291","ARA Sensetal",2025-04-23,1218.22315,66700,21160,"RESPV6","RSV-N"
"292","ARA Sensetal",2025-04-25,1496.9175,66700,18631,"RESPV6","RSV-N"
"293","ARA Sensetal",2025-04-26,0,66700,17356,"RESPV6","RSV-N"
"294","ARA Sensetal",2025-04-27,1122.76805,66700,18687,"RESPV6","RSV-N"
"295","ARA Werdhoelzli",2024-11-01,7858.555,26101,167208,"RESPV6","RSV-N"
"296","ARA Werdhoelzli",2024-11-02,5951.3519,26101,156075,"RESPV6","RSV-N"
"297","ARA Werdhoelzli",2024-11-03,3894.9088,26101,153915,"RESPV6","RSV-N"
"298","ARA Werdhoelzli",2024-11-05,0,26101,160374,"RESPV6","RSV-N"
"299","ARA Werdhoelzli",2024-11-08,4773.39725,26101,157937,"RESPV6","RSV-N"
"300","ARA Werdhoelzli",2024-11-09,13792.096,26101,153448,"RESPV6","RSV-N"
"301","ARA Werdhoelzli",2024-11-10,8253.3845,26101,149390,"RESPV6","RSV-N"
"302","ARA Werdhoelzli",2024-11-13,3186.75085,26101,161975,"RESPV6","RSV-N"
"303","ARA Werdhoelzli",2024-11-15,8118.65335,26101,156432,"RESPV6","RSV-N"
"304","ARA Werdhoelzli",2024-11-16,6298.07535,26101,148835,"RESPV6","RSV-N"
"305","ARA Werdhoelzli",2024-11-17,12145.881,26101,148002,"RESPV6","RSV-N"
"306","ARA Werdhoelzli",2024-11-21,4818.65,26101,188816,"RESPV6","RSV-N"
"307","ARA Werdhoelzli",2024-11-22,8059.67315,26101,216414,"RESPV6","RSV-N"
"308","ARA Werdhoelzli",2024-11-23,8090.57185,26101,205676,"RESPV6","RSV-N"
"309","ARA Werdhoelzli",2024-11-24,6109.288,26101,304305,"RESPV6","RSV-N"
"310","ARA Werdhoelzli",2024-11-25,10706.6505,26101,256336,"RESPV6","RSV-N"
"311","ARA Werdhoelzli",2024-11-29,8936.8955,26101,288529,"RESPV6","RSV-N"
"312","ARA Werdhoelzli",2024-11-30,12341.9385,26101,212139,"RESPV6","RSV-N"
"313","ARA Werdhoelzli",2024-12-01,29119.1595,26101,199253,"RESPV6","RSV-N"
"314","ARA Werdhoelzli",2024-12-03,37894.2325,26101,327413,"RESPV6","RSV-N"
"315","ARA Werdhoelzli",2024-12-06,4368.1305,26101,412395,"RESPV6","RSV-N"
"316","ARA Werdhoelzli",2024-12-07,6986.649,26101,372941,"RESPV6","RSV-N"
"317","ARA Werdhoelzli",2024-12-08,12471.62,26101,338982,"RESPV6","RSV-N"
"318","ARA Werdhoelzli",2024-12-11,15490.5061,26101,211007,"RESPV6","RSV-N"
"319","ARA Werdhoelzli",2024-12-13,28596.96,26101,194952,"RESPV6","RSV-N"
"320","ARA Werdhoelzli",2024-12-14,20383.0555,26101,221714,"RESPV6","RSV-N"
"321","ARA Werdhoelzli",2024-12-15,36814.8015,26101,191389,"RESPV6","RSV-N"
"322","ARA Werdhoelzli",2024-12-19,13463.064,26101,237150,"RESPV6","RSV-N"
"323","ARA Werdhoelzli",2024-12-20,40520.2425,26101,204056,"RESPV6","RSV-N"
"324","ARA Werdhoelzli",2024-12-21,36660.315,26101,165754,"RESPV6","RSV-N"
"325","ARA Werdhoelzli",2024-12-22,12657.2625,26101,469751,"RESPV6","RSV-N"
"326","ARA Werdhoelzli",2024-12-23,27022.729,26101,349938,"RESPV6","RSV-N"
"327","ARA Werdhoelzli",2024-12-27,67175.38,26101,174535,"RESPV6","RSV-N"
"328","ARA Werdhoelzli",2024-12-28,72087.64,26101,166433,"RESPV6","RSV-N"
"329","ARA Werdhoelzli",2025-01-01,67243.0125,26101,149190,"RESPV6","RSV-N"
"330","ARA Werdhoelzli",2025-01-03,24062.168,26101,340910,"RESPV6","RSV-N"
"331","ARA Werdhoelzli",2025-01-04,26760.7975,26101,186586,"RESPV6","RSV-N"
"332","ARA Werdhoelzli",2025-01-05,10301.181,26101,478840,"RESPV6","RSV-N"
"333","ARA Werdhoelzli",2025-01-09,15121.384,26101,374849,"RESPV6","RSV-N"
"334","ARA Werdhoelzli",2025-01-10,41450.4025,26101,314253,"RESPV6","RSV-N"
"335","ARA Werdhoelzli",2025-01-11,33596.902,26101,234728,"RESPV6","RSV-N"
"336","ARA Werdhoelzli",2025-01-12,48111.055,26101,223086,"RESPV6","RSV-N"
"337","ARA Werdhoelzli",2025-01-13,32342.5385,26101,216479,"RESPV6","RSV-N"
"338","ARA Werdhoelzli",2025-01-17,27953.341,26101,189000,"RESPV6","RSV-N"
"339","ARA Werdhoelzli",2025-01-18,34958.512,26101,178075,"RESPV6","RSV-N"
"340","ARA Werdhoelzli",2025-01-19,49017.4905,26101,176953,"RESPV6","RSV-N"
"341","ARA Werdhoelzli",2025-01-21,38698.867,26101,177902,"RESPV6","RSV-N"
"342","ARA Werdhoelzli",2025-01-24,61152.9385,26101,174999,"RESPV6","RSV-N"
"343","ARA Werdhoelzli",2025-01-25,44204.432,26101,164137,"RESPV6","RSV-N"
"344","ARA Werdhoelzli",2025-01-26,39075.548,26101,185543,"RESPV6","RSV-N"
"345","ARA Werdhoelzli",2025-01-29,28934.69,26101,353667,"RESPV6","RSV-N"
"346","ARA Werdhoelzli",2025-01-31,50854.99,26101,292340,"RESPV6","RSV-N"
"347","ARA Werdhoelzli",2025-02-01,42539.183,26101,209583,"RESPV6","RSV-N"
"348","ARA Werdhoelzli",2025-02-02,59685.8685,26101,199914,"RESPV6","RSV-N"
"349","ARA Werdhoelzli",2025-02-06,59823.71,26101,175575,"RESPV6","RSV-N"
"350","ARA Werdhoelzli",2025-02-07,34318.865,26101,173810,"RESPV6","RSV-N"
"351","ARA Werdhoelzli",2025-02-08,26831.5635,26101,163894,"RESPV6","RSV-N"
"352","ARA Werdhoelzli",2025-02-09,38845.492,26101,154659,"RESPV6","RSV-N"
"353","ARA Werdhoelzli",2025-02-10,35527.1835,26101,159192,"RESPV6","RSV-N"
"354","ARA Werdhoelzli",2025-02-14,22572.325,26101,226655,"RESPV6","RSV-N"
"355","ARA Werdhoelzli",2025-02-15,13401.83875,26101,175592,"RESPV6","RSV-N"
"356","ARA Werdhoelzli",2025-02-16,37396.5135,26101,168816,"RESPV6","RSV-N"
"357","ARA Werdhoelzli",2025-02-18,47037.348,26101,165703,"RESPV6","RSV-N"
"358","ARA Werdhoelzli",2025-02-21,19129.593,26101,158567,"RESPV6","RSV-N"
"359","ARA Werdhoelzli",2025-02-22,37124.157,26101,149562,"RESPV6","RSV-N"
"360","ARA Werdhoelzli",2025-02-23,32740.738,26101,166088,"RESPV6","RSV-N"
"361","ARA Werdhoelzli",2025-02-26,27737.03,26101,193964,"RESPV6","RSV-N"
"362","ARA Werdhoelzli",2025-02-28,50057.875,26101,160331,"RESPV6","RSV-N"
"363","ARA Werdhoelzli",2025-03-01,37097.78,26101,150058,"RESPV6","RSV-N"
"364","ARA Werdhoelzli",2025-03-02,52113.3765,26101,149077,"RESPV6","RSV-N"
"365","ARA Werdhoelzli",2025-03-06,21460.001,26101,151299,"RESPV6","RSV-N"
"366","ARA Werdhoelzli",2025-03-07,16263.548,26101,150050,"RESPV6","RSV-N"
"367","ARA Werdhoelzli",2025-03-08,24129.383,26101,142259,"RESPV6","RSV-N"
"368","ARA Werdhoelzli",2025-03-09,19206.69,26101,141617,"RESPV6","RSV-N"
"369","ARA Werdhoelzli",2025-03-10,9101.71925,26101,147353,"RESPV6","RSV-N"
"370","ARA Werdhoelzli",2025-03-14,30943.086,26101,147685,"RESPV6","RSV-N"
"371","ARA Werdhoelzli",2025-03-15,22414.996,26101,140805,"RESPV6","RSV-N"
"372","ARA Werdhoelzli",2025-03-16,23520.9395,26101,203296,"RESPV6","RSV-N"
"373","ARA Werdhoelzli",2025-03-18,21480.4465,26101,148006,"RESPV6","RSV-N"
"374","ARA Werdhoelzli",2025-03-21,30781.512,26101,143937,"RESPV6","RSV-N"
"375","ARA Werdhoelzli",2025-03-22,15688.9835,26101,137234,"RESPV6","RSV-N"
"376","ARA Werdhoelzli",2025-03-23,25413.495,26101,166834,"RESPV6","RSV-N"
"377","ARA Werdhoelzli",2025-03-26,21874.88,26101,215661,"RESPV6","RSV-N"
"378","ARA Werdhoelzli",2025-03-28,25445.5675,26101,144007,"RESPV6","RSV-N"
"379","ARA Werdhoelzli",2025-03-29,23228.3015,26101,191437,"RESPV6","RSV-N"
"380","ARA Werdhoelzli",2025-03-30,29134.576,26101,136323,"RESPV6","RSV-N"
"381","ARA Werdhoelzli",2025-04-03,11660.443,26101,144426,"RESPV6","RSV-N"
"382","ARA Werdhoelzli",2025-04-04,17690.866,26101,142817,"RESPV6","RSV-N"
"383","ARA Werdhoelzli",2025-04-05,14970.9085,26101,135907,"RESPV6","RSV-N"
"384","ARA Werdhoelzli",2025-04-06,25544.1165,26101,134855,"RESPV6","RSV-N"
"385","ARA Werdhoelzli",2025-04-07,11458.761,26101,140642,"RESPV6","RSV-N"
"386","ARA Werdhoelzli",2025-04-11,18026.266,26101,138851,"RESPV6","RSV-N"
"387","ARA Werdhoelzli",2025-04-12,10585.978,26101,131480,"RESPV6","RSV-N"
"388","ARA Werdhoelzli",2025-04-13,12649.817,26101,132592,"RESPV6","RSV-N"
"389","ARA Werdhoelzli",2025-04-15,1323.7334,26101,137804,"RESPV6","RSV-N"
"390","ARA Werdhoelzli",2025-04-18,29741.845,26101,125692,"RESPV6","RSV-N"
"391","ARA Werdhoelzli",2025-04-19,11651.033,26101,116127,"RESPV6","RSV-N"
"392","ARA Werdhoelzli",2025-04-20,7035.38675,26101,113630,"RESPV6","RSV-N"
"393","ARA Werdhoelzli",2025-04-23,1192.488,26101,214528,"RESPV6","RSV-N"
"394","ARA Werdhoelzli",2025-04-25,1374.6693,26101,356601,"RESPV6","RSV-N"
"395","ARA Werdhoelzli",2025-04-26,10020.588,26101,198389,"RESPV6","RSV-N"
"396","ARA Werdhoelzli",2025-04-27,8142.1813,26101,133006,"RESPV6","RSV-N"
"397","CDA Lugano",2024-11-01,0,515100,58063,"RESPV6","RSV-N"
"398","CDA Lugano",2024-11-02,2657.02375,515100,55142,"RESPV6","RSV-N"
"399","CDA Lugano",2024-11-03,2756.7771,515100,54695,"RESPV6","RSV-N"
"400","CDA Lugano",2024-11-05,0,515100,54827,"RESPV6","RSV-N"
"401","CDA Lugano",2024-11-08,0,515100,50786,"RESPV6","RSV-N"
"402","CDA Lugano",2024-11-09,1201.6105,515100,47653,"RESPV6","RSV-N"
"403","CDA Lugano",2024-11-10,1511.5575,515100,46564,"RESPV6","RSV-N"
"404","CDA Lugano",2024-11-13,0,515100,46816,"RESPV6","RSV-N"
"405","CDA Lugano",2024-11-15,4284.4898,515100,45130,"RESPV6","RSV-N"
"406","CDA Lugano",2024-11-16,1197.3789,515100,42417,"RESPV6","RSV-N"
"407","CDA Lugano",2024-11-17,2676.954,515100,42142,"RESPV6","RSV-N"
"408","CDA Lugano",2024-11-21,4597.4285,515100,52832,"RESPV6","RSV-N"
"409","CDA Lugano",2024-11-22,3420.121,515100,48446,"RESPV6","RSV-N"
"410","CDA Lugano",2024-11-23,2435.98415,515100,42407,"RESPV6","RSV-N"
"411","CDA Lugano",2024-11-24,3617.7049,515100,43742,"RESPV6","RSV-N"
"412","CDA Lugano",2024-11-25,4209.5015,515100,52670,"RESPV6","RSV-N"
"413","CDA Lugano",2024-11-29,0,515100,41533,"RESPV6","RSV-N"
"414","CDA Lugano",2024-11-30,3131.1125,515100,39112,"RESPV6","RSV-N"
"415","CDA Lugano",2024-12-01,15684.024,515100,39413,"RESPV6","RSV-N"
"416","CDA Lugano",2024-12-03,6023.63745,515100,43243,"RESPV6","RSV-N"
"417","CDA Lugano",2024-12-06,22848.093,515100,41017,"RESPV6","RSV-N"
"418","CDA Lugano",2024-12-07,31241.892,515100,38563,"RESPV6","RSV-N"
"419","CDA Lugano",2024-12-08,3895.55,515100,39068,"RESPV6","RSV-N"
"420","CDA Lugano",2024-12-11,18972.0965,515100,39916,"RESPV6","RSV-N"
"421","CDA Lugano",2024-12-13,18449.74775,515100,40113,"RESPV6","RSV-N"
"422","CDA Lugano",2024-12-14,23532.4265,515100,37396,"RESPV6","RSV-N"
"423","CDA Lugano",2024-12-15,25698.7405,515100,36854,"RESPV6","RSV-N"
"424","CDA Lugano",2024-12-19,14192.3215,515100,73401,"RESPV6","RSV-N"
"425","CDA Lugano",2024-12-20,19669.5225,515100,37952,"RESPV6","RSV-N"
"426","CDA Lugano",2024-12-21,26734.6605,515100,35473,"RESPV6","RSV-N"
"427","CDA Lugano",2024-12-22,37100.42,515100,39063,"RESPV6","RSV-N"
"428","CDA Lugano",2024-12-23,21808.557,515100,37014,"RESPV6","RSV-N"
"429","CDA Lugano",2024-12-27,49131.6215,515100,35249,"RESPV6","RSV-N"
"430","CDA Lugano",2024-12-28,43414.836,515100,33719,"RESPV6","RSV-N"
"431","CDA Lugano",2024-12-29,50939.838,515100,33062,"RESPV6","RSV-N"
"432","CDA Lugano",2025-01-09,48933.158,515100,45612,"RESPV6","RSV-N"
"433","CDA Lugano",2025-01-10,30082.528,515100,40686,"RESPV6","RSV-N"
"434","CDA Lugano",2025-01-11,19356.6875,515100,38638,"RESPV6","RSV-N"
"435","CDA Lugano",2025-01-12,43220.242,515100,38465,"RESPV6","RSV-N"
"436","CDA Lugano",2025-01-13,30950.6865,515100,40833,"RESPV6","RSV-N"
"437","CDA Lugano",2025-01-17,25409.594,515100,39843,"RESPV6","RSV-N"
"438","CDA Lugano",2025-01-18,17010.8845,515100,36376,"RESPV6","RSV-N"
"439","CDA Lugano",2025-01-19,25469.0525,515100,44473,"RESPV6","RSV-N"
"440","CDA Lugano",2025-01-21,40090.6825,515100,40274,"RESPV6","RSV-N"
"441","CDA Lugano",2025-01-24,30659.224,515100,39057,"RESPV6","RSV-N"
"442","CDA Lugano",2025-01-25,30620.7225,515100,69416,"RESPV6","RSV-N"
"443","CDA Lugano",2025-01-26,7646.9736,515100,79773,"RESPV6","RSV-N"
"444","CDA Lugano",2025-01-29,12869.27765,515100,74162,"RESPV6","RSV-N"
"445","CDA Lugano",2025-01-31,34272.3325,515100,78297,"RESPV6","RSV-N"
"446","CDA Lugano",2025-02-01,27587.3045,515100,72319,"RESPV6","RSV-N"
"447","CDA Lugano",2025-02-02,16302.414,515100,56010,"RESPV6","RSV-N"
"448","CDA Lugano",2025-02-06,24113.1945,515100,49781,"RESPV6","RSV-N"
"449","CDA Lugano",2025-02-07,19647.6065,515100,48685,"RESPV6","RSV-N"
"450","CDA Lugano",2025-02-08,17165.5565,515100,72137,"RESPV6","RSV-N"
"451","CDA Lugano",2025-02-09,9818.3477,515100,86847,"RESPV6","RSV-N"
"452","CDA Lugano",2025-02-10,101809.343,515100,54837,"RESPV6","RSV-N"
"453","CDA Lugano",2025-02-14,35264.163,515100,51507,"RESPV6","RSV-N"
"454","CDA Lugano",2025-02-15,35211.869,515100,47553,"RESPV6","RSV-N"
"455","CDA Lugano",2025-02-16,35712.4255,515100,46792,"RESPV6","RSV-N"
"456","CDA Lugano",2025-02-18,24907.7065,515100,48268,"RESPV6","RSV-N"
"457","CDA Lugano",2025-02-21,17321.469,515100,46954,"RESPV6","RSV-N"
"458","CDA Lugano",2025-02-22,26918.424,515100,43623,"RESPV6","RSV-N"
"459","CDA Lugano",2025-02-23,14861.414,515100,43468,"RESPV6","RSV-N"
"460","CDA Lugano",2025-02-26,19826.546,515100,47130,"RESPV6","RSV-N"
"461","CDA Lugano",2025-02-28,8711.2603,515100,74134,"RESPV6","RSV-N"
"462","CDA Lugano",2025-03-01,11255.61,515100,53589,"RESPV6","RSV-N"
"463","CDA Lugano",2025-03-02,36379.3065,515100,43380,"RESPV6","RSV-N"
"464","CDA Lugano",2025-03-06,21707.918,515100,42247,"RESPV6","RSV-N"
"465","CDA Lugano",2025-03-07,11750.208,515100,42121,"RESPV6","RSV-N"
"466","CDA Lugano",2025-03-08,23573.1525,515100,39697,"RESPV6","RSV-N"
"467","CDA Lugano",2025-03-09,27775.599,515100,64786,"RESPV6","RSV-N"
"468","CDA Lugano",2025-03-10,2720.0355,515100,95061,"RESPV6","RSV-N"
"469","CDA Lugano",2025-03-14,17813.7555,515100,97849,"RESPV6","RSV-N"
"470","CDA Lugano",2025-03-15,6094.39635,515100,110476,"RESPV6","RSV-N"
"471","CDA Lugano",2025-03-16,29770.4795,515100,72219,"RESPV6","RSV-N"
"472","CDA Lugano",2025-03-18,11326.486,515100,75551,"RESPV6","RSV-N"
"473","CDA Lugano",2025-03-21,28503.6575,515100,78139,"RESPV6","RSV-N"
"474","CDA Lugano",2025-03-22,17544.2215,515100,115143,"RESPV6","RSV-N"
"475","CDA Lugano",2025-03-23,9595.7002,515100,91973,"RESPV6","RSV-N"
"476","CDA Lugano",2025-03-26,26345.601,515100,61320,"RESPV6","RSV-N"
"477","CDA Lugano",2025-03-28,24718.235,515100,55764,"RESPV6","RSV-N"
"478","CDA Lugano",2025-03-29,5965.37725,515100,51183,"RESPV6","RSV-N"
"479","CDA Lugano",2025-03-30,19077.731,515100,51896,"RESPV6","RSV-N"
"480","CDA Lugano",2025-04-03,10434.16575,515100,49478,"RESPV6","RSV-N"
"481","CDA Lugano",2025-04-04,9023.7758,515100,47895,"RESPV6","RSV-N"
"482","CDA Lugano",2025-04-05,8607.0645,515100,45050,"RESPV6","RSV-N"
"483","CDA Lugano",2025-04-06,13133.9535,515100,43961,"RESPV6","RSV-N"
"484","CDA Lugano",2025-04-07,1265.483,515100,46729,"RESPV6","RSV-N"
"485","CDA Lugano",2025-04-11,9661.5449,515100,43938,"RESPV6","RSV-N"
"486","CDA Lugano",2025-04-12,10023.259,515100,41341,"RESPV6","RSV-N"
"487","CDA Lugano",2025-04-13,16306.5,515100,51949,"RESPV6","RSV-N"
"488","CDA Lugano",2025-04-15,2382.2727,515100,91800,"RESPV6","RSV-N"
"489","CDA Lugano",2025-04-18,7090.46015,515100,62492,"RESPV6","RSV-N"
"490","CDA Lugano",2025-04-19,6772.2045,515100,65532,"RESPV6","RSV-N"
"491","CDA Lugano",2025-04-20,0,515100,93147,"RESPV6","RSV-N"
"492","CDA Lugano",2025-04-23,0,515100,129452,"RESPV6","RSV-N"
"493","CDA Lugano",2025-04-25,3152.79975,515100,85093,"RESPV6","RSV-N"
"494","CDA Lugano",2025-04-26,1547.90635,515100,73229,"RESPV6","RSV-N"
"495","CDA Lugano",2025-04-27,0,515100,89060,"RESPV6","RSV-N"
"496","STEP Aire",2024-11-02,7311.67,664301,144639,"RESPV6","RSV-N"
"497","STEP Aire",2024-11-03,5511.34085,664301,150013,"RESPV6","RSV-N"
"498","STEP Aire",2024-11-04,2377.27835,664301,156922,"RESPV6","RSV-N"
"499","STEP Aire",2024-11-06,4622.21335,664301,152339,"RESPV6","RSV-N"
"500","STEP Aire",2024-11-07,7297.9095,664301,148823,"RESPV6","RSV-N"
"501","STEP Aire",2024-11-08,7062.0269,664301,148187,"RESPV6","RSV-N"
"502","STEP Aire",2024-11-11,10485.33675,664301,148330,"RESPV6","RSV-N"
"503","STEP Aire",2024-11-14,5471.34075,664301,137314,"RESPV6","RSV-N"
"504","STEP Aire",2024-11-16,18810.582,664301,125824,"RESPV6","RSV-N"
"505","STEP Aire",2024-11-17,18196.576,664301,132810,"RESPV6","RSV-N"
"506","STEP Aire",2024-11-18,24771.3855,664301,136090,"RESPV6","RSV-N"
"507","STEP Aire",2024-11-22,26427.4635,664301,148526,"RESPV6","RSV-N"
"508","STEP Aire",2024-11-23,24443.4895,664301,134533,"RESPV6","RSV-N"
"509","STEP Aire",2024-11-24,21931.895,664301,139828,"RESPV6","RSV-N"
"510","STEP Aire",2024-11-25,18550.145,664301,221766,"RESPV6","RSV-N"
"511","STEP Aire",2024-11-26,10297.407,664301,160166,"RESPV6","RSV-N"
"512","STEP Aire",2024-11-30,25047.599,664301,140793,"RESPV6","RSV-N"
"513","STEP Aire",2024-12-01,25918.051,664301,141427,"RESPV6","RSV-N"
"514","STEP Aire",2024-12-02,25274.085,664301,186151,"RESPV6","RSV-N"
"515","STEP Aire",2024-12-04,28003.1725,664301,149304,"RESPV6","RSV-N"
"516","STEP Aire",2024-12-07,49229.0565,664301,260463,"RESPV6","RSV-N"
"517","STEP Aire",2024-12-08,44969.463,664301,168470,"RESPV6","RSV-N"
"518","STEP Aire",2024-12-09,93196.58,664301,153585,"RESPV6","RSV-N"
"519","STEP Aire",2024-12-12,66041.18,664301,151745,"RESPV6","RSV-N"
"520","STEP Aire",2024-12-14,34857.7975,664301,177811,"RESPV6","RSV-N"
"521","STEP Aire",2024-12-15,58393.471,664301,148802,"RESPV6","RSV-N"
"522","STEP Aire",2024-12-16,59401.953,664301,155511,"RESPV6","RSV-N"
"523","STEP Aire",2024-12-17,25332.6295,664301,149559,"RESPV6","RSV-N"
"524","STEP Aire",2024-12-18,23585.9695,664301,148365,"RESPV6","RSV-N"
"525","STEP Aire",2024-12-19,51087.5075,664301,252482,"RESPV6","RSV-N"
"526","STEP Aire",2024-12-20,36313.4335,664301,157444,"RESPV6","RSV-N"
"527","STEP Aire",2024-12-23,23519.376,664301,216496,"RESPV6","RSV-N"
"528","STEP Aire",2024-12-24,71939.61,664301,160206,"RESPV6","RSV-N"
"529","STEP Aire",2024-12-28,57469.434,664301,133012,"RESPV6","RSV-N"
"530","STEP Aire",2024-12-29,82764.03,664301,129785,"RESPV6","RSV-N"
"531","STEP Aire",2025-01-01,40844.655,664301,123287,"RESPV6","RSV-N"
"532","STEP Aire",2025-01-04,52039.258,664301,245658,"RESPV6","RSV-N"
"533","STEP Aire",2025-01-05,41983.0685,664301,195846,"RESPV6","RSV-N"
"534","STEP Aire",2025-01-06,47443.312,664301,318382,"RESPV6","RSV-N"
"535","STEP Aire",2025-01-09,32250.2285,664301,310734,"RESPV6","RSV-N"
"536","STEP Aire",2025-01-11,22826.6835,664301,200828,"RESPV6","RSV-N"
"537","STEP Aire",2025-01-12,8286.0823,664301,185529,"RESPV6","RSV-N"
"538","STEP Aire",2025-01-13,20659.8795,664301,180563,"RESPV6","RSV-N"
"539","STEP Aire",2025-01-16,17070.0455,664301,164930,"RESPV6","RSV-N"
"540","STEP Aire",2025-01-17,19311.682,664301,158140,"RESPV6","RSV-N"
"541","STEP Aire",2025-01-19,19797.8475,664301,155500,"RESPV6","RSV-N"
"542","STEP Aire",2025-01-20,21710.78,664301,156807,"RESPV6","RSV-N"
"543","STEP Aire",2025-01-21,19693.1165,664301,153376,"RESPV6","RSV-N"
"544","STEP Aire",2025-01-25,19703.3645,664301,180115,"RESPV6","RSV-N"
"545","STEP Aire",2025-01-26,42588.8125,664301,166197,"RESPV6","RSV-N"
"546","STEP Aire",2025-01-27,14147.864,664301,528940,"RESPV6","RSV-N"
"547","STEP Aire",2025-01-29,23946.215,664301,227702,"RESPV6","RSV-N"
"548","STEP Aire",2025-02-01,13086.225,664301,162624,"RESPV6","RSV-N"
"549","STEP Aire",2025-02-02,7967.4875,664301,165767,"RESPV6","RSV-N"
"550","STEP Aire",2025-02-03,17045.2455,664301,166273,"RESPV6","RSV-N"
"551","STEP Aire",2025-02-04,5294.84925,664301,163010,"RESPV6","RSV-N"
"552","STEP Aire",2025-02-05,5797.03615,664301,162854,"RESPV6","RSV-N"
"553","STEP Aire",2025-02-06,12840.04,664301,159144,"RESPV6","RSV-N"
"554","STEP Aire",2025-02-10,17418.0625,664301,180076,"RESPV6","RSV-N"
"555","STEP Aire",2025-02-11,14480.5065,664301,164525,"RESPV6","RSV-N"
"556","STEP Aire",2025-02-12,5557.8054,664301,154473,"RESPV6","RSV-N"
"557","STEP Aire",2025-02-13,10971.66075,664301,205320,"RESPV6","RSV-N"
"558","STEP Aire",2025-02-17,17306.0095,664301,151163,"RESPV6","RSV-N"
"559","STEP Aire",2025-02-18,6858.07875,664301,147584,"RESPV6","RSV-N"
"560","STEP Aire",2025-02-19,6382.8815,664301,148522,"RESPV6","RSV-N"
"561","STEP Aire",2025-02-20,2841.0237,664301,64833,"RESPV6","RSV-N"
"562","STEP Aire",2025-02-21,11464.0185,664301,119821,"RESPV6","RSV-N"
"563","STEP Aire",2025-02-26,8431.7085,664301,134374,"RESPV6","RSV-N"
"564","STEP Aire",2025-02-27,4184.5845,664301,131180,"RESPV6","RSV-N"
"565","STEP Aire",2025-02-28,14448.158,664301,133106,"RESPV6","RSV-N"
"566","STEP Aire",2025-03-03,6142.8087,664301,141222,"RESPV6","RSV-N"
"567","STEP Aire",2025-03-06,3280.85755,664301,139440,"RESPV6","RSV-N"
"568","STEP Aire",2025-03-08,7555.7981,664301,131394,"RESPV6","RSV-N"
"569","STEP Aire",2025-03-09,3547.2043,664301,145089,"RESPV6","RSV-N"
"570","STEP Aire",2025-03-10,10291.9161,664301,140501,"RESPV6","RSV-N"
"571","STEP Aire",2025-03-14,5075.08,664301,193858,"RESPV6","RSV-N"
"572","STEP Aire",2025-03-15,11230.135,664301,231955,"RESPV6","RSV-N"
"573","STEP Aire",2025-03-16,12214.7365,664301,165334,"RESPV6","RSV-N"
"574","STEP Aire",2025-03-17,14363.0348,664301,152331,"RESPV6","RSV-N"
"575","STEP Aire",2025-03-18,2751.236,664301,147716,"RESPV6","RSV-N"
"576","STEP Aire",2025-03-22,2904.551,664301,156803,"RESPV6","RSV-N"
"577","STEP Aire",2025-03-23,8359.6215,664301,160804,"RESPV6","RSV-N"
"578","STEP Aire",2025-03-24,9211.108,664301,169634,"RESPV6","RSV-N"
"579","STEP Aire",2025-03-26,5006.179,664301,166011,"RESPV6","RSV-N"
"580","STEP Aire",2025-03-28,7594.177,664301,162346,"RESPV6","RSV-N"
"581","STEP Aire",2025-03-29,2777.8827,664301,151598,"RESPV6","RSV-N"
"582","STEP Aire",2025-03-30,6579.24515,664301,150389,"RESPV6","RSV-N"
"583","STEP Aire",2025-04-03,0,664301,162352,"RESPV6","RSV-N"
"584","STEP Aire",2025-04-05,7420.64775,664301,124578,"RESPV6","RSV-N"
"585","STEP Aire",2025-04-06,4654.9673,664301,128913,"RESPV6","RSV-N"
"586","STEP Aire",2025-04-07,3066.985,664301,130734,"RESPV6","RSV-N"
"587","STEP Aire",2025-04-11,3619.4514,664301,149974,"RESPV6","RSV-N"
"588","STEP Aire",2025-04-12,2346.8156,664301,138492,"RESPV6","RSV-N"
"589","STEP Aire",2025-04-13,0,664301,214229,"RESPV6","RSV-N"
"590","STEP Aire",2025-04-14,5059.2327,664301,166739,"RESPV6","RSV-N"
"591","STEP Aire",2025-04-15,3507.2461,664301,220391,"RESPV6","RSV-N"
"592","STEP Aire",2025-04-16,3657.23045,664301,465272,"RESPV6","RSV-N"
"593","STEP Aire",2025-04-17,4046.24585,664301,264357,"RESPV6","RSV-N"
"594","STEP Aire",2025-04-23,1328.5405,664301,160273,"RESPV6","RSV-N"
"595","STEP Aire",2025-04-26,3555.9883,664301,135261,"RESPV6","RSV-N"
"596","STEP Aire",2025-04-27,0,664301,136224,"RESPV6","RSV-N"
"597","STEP Aire",2025-04-28,1325.6156,664301,132314,"RESPV6","RSV-N"
